system:index,B11,B12,B2,B3,B4,B8,class,.geo
1_0_0,0.3745,0.2676,0.15805,0.1856,0.17815,0.4206,1,"{""type"":""MultiPoint"",""coordinates"":[]}"
1_1_0,0.303,0.1972,0.1455,0.1804,0.1568,0.4848,1,"{""type"":""MultiPoint"",""coordinates"":[]}"
1_2_0,0.3009,0.19605,0.1168,0.1535,0.1299,0.4652,1,"{""type"":""MultiPoint"",""coordinates"":[]}"
1_3_0,0.3785,0.2663,0.1654,0.2001,0.1794,0.43,1,"{""type"":""MultiPoint"",""coordinates"":[]}"
1_4_0,0.34515,0.2214,0.1436,0.1728,0.1476,0.54145,1,"{""type"":""MultiPoint"",""coordinates"":[]}"
1_5_0,0.33695,0.22385,0.1388,0.1761,0.1435,0.5394,1,"{""type"":""MultiPoint"",""coordinates"":[]}"
1_6_0,0.3111,0.2121,0.1314,0.1674,0.1553,0.4352,1,"{""type"":""MultiPoint"",""coordinates"":[]}"
1_7_0,0.2737,0.1765,0.1307,0.1491,0.1253,0.4072,1,"{""type"":""MultiPoint"",""coordinates"":[]}"
1_8_0,0.2838,0.1865,0.1376,0.18285,0.1481,0.4288,1,"{""type"":""MultiPoint"",""coordinates"":[]}"
1_9_0,0.3183,0.2182,0.135,0.1835,0.1588,0.466,1,"{""type"":""MultiPoint"",""coordinates"":[]}"
1_10_0,0.3191,0.20685,0.14115,0.17095,0.14475,0.502,1,"{""type"":""MultiPoint"",""coordinates"":[]}"
1_11_0,0.30675,0.21125,0.14075,0.16315,0.14355,0.4558,1,"{""type"":""MultiPoint"",""coordinates"":[]}"
1_12_0,0.33525,0.2161,0.1359,0.17855,0.1464,0.5202,1,"{""type"":""MultiPoint"",""coordinates"":[]}"
1_13_0,0.3133,0.2103,0.1292,0.1708,0.148,0.4792,1,"{""type"":""MultiPoint"",""coordinates"":[]}"
1_14_0,0.3562,0.2445,0.1458,0.1938,0.1568,0.5248,1,"{""type"":""MultiPoint"",""coordinates"":[]}"
1_15_0,0.299,0.1889,0.1327,0.1625,0.1322,0.5068,1,"{""type"":""MultiPoint"",""coordinates"":[]}"
1_16_0,0.3593,0.2645,0.1302,0.1758,0.166,0.4204,1,"{""type"":""MultiPoint"",""coordinates"":[]}"
1_17_0,0.3836,0.2879,0.1514,0.1888,0.1858,0.4564,1,"{""type"":""MultiPoint"",""coordinates"":[]}"
1_18_0,0.3479,0.2521,0.1362,0.1711,0.1655,0.4372,1,"{""type"":""MultiPoint"",""coordinates"":[]}"
1_19_0,0.3764,0.2599,0.1472,0.1816,0.1714,0.4372,1,"{""type"":""MultiPoint"",""coordinates"":[]}"
1_20_0,0.3505,0.2402,0.142,0.1677,0.144,0.4768,1,"{""type"":""MultiPoint"",""coordinates"":[]}"
1_21_0,0.32735,0.22325,0.146,0.17355,0.1528,0.4714,1,"{""type"":""MultiPoint"",""coordinates"":[]}"
1_22_0,0.3513,0.22505,0.1298,0.1711,0.13875,0.5766,1,"{""type"":""MultiPoint"",""coordinates"":[]}"
1_23_0,0.3235,0.225,0.1437,0.1888,0.1568,0.4924,1,"{""type"":""MultiPoint"",""coordinates"":[]}"
1_24_0,0.3035,0.20375,0.13895,0.1715,0.14715,0.4237,1,"{""type"":""MultiPoint"",""coordinates"":[]}"
1_25_0,0.2837,0.1797,0.1334,0.153,0.1284,0.4568,1,"{""type"":""MultiPoint"",""coordinates"":[]}"
1_26_0,0.3051,0.2012,0.1448,0.1557,0.1425,0.3776,1,"{""type"":""MultiPoint"",""coordinates"":[]}"
1_27_0,0.3435,0.222,0.1336,0.1675,0.1409,0.52,1,"{""type"":""MultiPoint"",""coordinates"":[]}"
1_28_0,0.3268,0.2217,0.1402,0.1803,0.1536,0.5168,1,"{""type"":""MultiPoint"",""coordinates"":[]}"
1_29_0,0.34265,0.23175,0.14555,0.1848,0.1546,0.4662,1,"{""type"":""MultiPoint"",""coordinates"":[]}"
1_30_0,0.3245,0.2139,0.1415,0.171,0.1402,0.4388,1,"{""type"":""MultiPoint"",""coordinates"":[]}"
1_31_0,0.3722,0.269,0.1611,0.1995,0.18,0.4484,1,"{""type"":""MultiPoint"",""coordinates"":[]}"
1_32_0,0.2967,0.19,0.1304,0.1558,0.1307,0.4628,1,"{""type"":""MultiPoint"",""coordinates"":[]}"
1_33_0,0.3519,0.2246,0.1411,0.1744,0.1468,0.4936,1,"{""type"":""MultiPoint"",""coordinates"":[]}"
1_34_0,0.284,0.1878,0.1296,0.1662,0.1456,0.4388,1,"{""type"":""MultiPoint"",""coordinates"":[]}"
1_35_0,0.2946,0.19605,0.1367,0.1566,0.1362,0.4936,1,"{""type"":""MultiPoint"",""coordinates"":[]}"
1_36_0,0.3771,0.25065,0.1509,0.19005,0.16005,0.4982,1,"{""type"":""MultiPoint"",""coordinates"":[]}"
1_37_0,0.41115,0.30565,0.16665,0.2082,0.2,0.4728,1,"{""type"":""MultiPoint"",""coordinates"":[]}"
1_38_0,0.34565,0.272,0.14575,0.1778,0.1689,0.4022,1,"{""type"":""MultiPoint"",""coordinates"":[]}"
1_39_0,0.2871,0.18605,0.1446,0.1792,0.15275,0.4954,1,"{""type"":""MultiPoint"",""coordinates"":[]}"
1_40_0,0.3817,0.27835,0.15425,0.18995,0.17225,0.43235,1,"{""type"":""MultiPoint"",""coordinates"":[]}"
1_41_0,0.3181,0.2403,0.1482,0.178,0.1619,0.4444,1,"{""type"":""MultiPoint"",""coordinates"":[]}"
1_42_0,0.37525,0.28485,0.1616,0.1872,0.1902,0.4498,1,"{""type"":""MultiPoint"",""coordinates"":[]}"
1_43_0,0.2873,0.19695,0.13795,0.16795,0.1473,0.3902,1,"{""type"":""MultiPoint"",""coordinates"":[]}"
1_44_0,0.3561,0.2415,0.1517,0.1774,0.1556,0.4519,1,"{""type"":""MultiPoint"",""coordinates"":[]}"
1_45_0,0.3604,0.2519,0.1387,0.1758,0.1604,0.4816,1,"{""type"":""MultiPoint"",""coordinates"":[]}"
1_46_0,0.3912,0.29435,0.15255,0.1842,0.17,0.46,1,"{""type"":""MultiPoint"",""coordinates"":[]}"
1_47_0,0.3028,0.1987,0.1161,0.1495,0.1308,0.5212,1,"{""type"":""MultiPoint"",""coordinates"":[]}"
1_48_0,0.33585,0.2251,0.13765,0.1671,0.1459,0.4774,1,"{""type"":""MultiPoint"",""coordinates"":[]}"
1_49_0,0.3385,0.2218,0.14175,0.1769,0.1391,0.5774,1,"{""type"":""MultiPoint"",""coordinates"":[]}"
1_50_0,0.35955,0.25315,0.1468,0.1805,0.16965,0.42165,1,"{""type"":""MultiPoint"",""coordinates"":[]}"
1_51_0,0.34715,0.23475,0.13915,0.1737,0.1488,0.4944,1,"{""type"":""MultiPoint"",""coordinates"":[]}"
1_52_0,0.3613,0.2572,0.1588,0.1948,0.1715,0.434,1,"{""type"":""MultiPoint"",""coordinates"":[]}"
1_53_0,0.2701,0.1945,0.1362,0.161,0.1391,0.4344,1,"{""type"":""MultiPoint"",""coordinates"":[]}"
1_54_0,0.3674,0.251,0.149,0.1849,0.1603,0.4584,1,"{""type"":""MultiPoint"",""coordinates"":[]}"
1_55_0,0.3366,0.2163,0.1423,0.18165,0.1431,0.506,1,"{""type"":""MultiPoint"",""coordinates"":[]}"
1_56_0,0.3215,0.2082,0.1354,0.1691,0.135,0.5568,1,"{""type"":""MultiPoint"",""coordinates"":[]}"
1_57_0,0.2996,0.2065,0.1334,0.1712,0.1474,0.4264,1,"{""type"":""MultiPoint"",""coordinates"":[]}"
1_58_0,0.34955,0.24985,0.17,0.1972,0.1788,0.453,1,"{""type"":""MultiPoint"",""coordinates"":[]}"
1_59_0,0.3183,0.2379,0.1461,0.1756,0.1585,0.3866,1,"{""type"":""MultiPoint"",""coordinates"":[]}"
1_60_0,0.3608,0.2491,0.1496,0.18935,0.1624,0.49945,1,"{""type"":""MultiPoint"",""coordinates"":[]}"
1_61_0,0.36745,0.2766,0.14515,0.17995,0.16255,0.4504,1,"{""type"":""MultiPoint"",""coordinates"":[]}"
1_62_0,0.2944,0.1936,0.1294,0.1597,0.1325,0.4804,1,"{""type"":""MultiPoint"",""coordinates"":[]}"
1_63_0,0.41215,0.32385,0.15955,0.1883,0.16955,0.5236,1,"{""type"":""MultiPoint"",""coordinates"":[]}"
1_64_0,0.31775,0.22325,0.1491,0.1894,0.1586,0.433,1,"{""type"":""MultiPoint"",""coordinates"":[]}"
1_65_0,0.33425,0.2424,0.15425,0.198,0.1746,0.4128,1,"{""type"":""MultiPoint"",""coordinates"":[]}"
1_66_0,0.38235,0.2644,0.1645,0.2033,0.1891,0.4712,1,"{""type"":""MultiPoint"",""coordinates"":[]}"
1_67_0,0.2775,0.1925,0.1728,0.1852,0.1656,0.4252,1,"{""type"":""MultiPoint"",""coordinates"":[]}"
1_68_0,0.31775,0.2018,0.13745,0.1654,0.1358,0.59405,1,"{""type"":""MultiPoint"",""coordinates"":[]}"
1_69_0,0.3087,0.2026,0.1267,0.1648,0.1423,0.5232,1,"{""type"":""MultiPoint"",""coordinates"":[]}"
1_70_0,0.3694,0.2545,0.2302,0.255,0.2222,0.5632,1,"{""type"":""MultiPoint"",""coordinates"":[]}"
1_71_0,0.3417,0.2213,0.1392,0.1664,0.1404,0.4936,1,"{""type"":""MultiPoint"",""coordinates"":[]}"
1_72_0,0.2914,0.1922,0.1406,0.1828,0.1462,0.4444,1,"{""type"":""MultiPoint"",""coordinates"":[]}"
1_73_0,0.3022,0.2111,0.1305,0.1702,0.155,0.448,1,"{""type"":""MultiPoint"",""coordinates"":[]}"
1_74_0,0.3873,0.2412,0.1492,0.181,0.1483,0.6454,1,"{""type"":""MultiPoint"",""coordinates"":[]}"
1_75_0,0.29,0.1924,0.1072,0.1411,0.1298,0.4676,1,"{""type"":""MultiPoint"",""coordinates"":[]}"
1_76_0,0.2926,0.1965,0.11735,0.1525,0.1335,0.48655,1,"{""type"":""MultiPoint"",""coordinates"":[]}"
1_77_0,0.32755,0.22785,0.1352,0.1689,0.14535,0.4594,1,"{""type"":""MultiPoint"",""coordinates"":[]}"
1_78_0,0.3187,0.2163,0.1468,0.17685,0.15585,0.4732,1,"{""type"":""MultiPoint"",""coordinates"":[]}"
1_79_0,0.3436,0.25195,0.14515,0.1789,0.17205,0.42885,1,"{""type"":""MultiPoint"",""coordinates"":[]}"
1_80_0,0.3803,0.2787,0.1622,0.1966,0.1824,0.4336,1,"{""type"":""MultiPoint"",""coordinates"":[]}"
1_81_0,0.34,0.2507,0.13845,0.1698,0.15805,0.4192,1,"{""type"":""MultiPoint"",""coordinates"":[]}"
1_82_0,0.34715,0.24485,0.15505,0.1824,0.16965,0.4364,1,"{""type"":""MultiPoint"",""coordinates"":[]}"
1_83_0,0.3096,0.2196,0.1254,0.167,0.1442,0.4616,1,"{""type"":""MultiPoint"",""coordinates"":[]}"
1_84_0,0.3233,0.2046,0.1468,0.1769,0.1457,0.4556,1,"{""type"":""MultiPoint"",""coordinates"":[]}"
1_85_0,0.34355,0.24625,0.1496,0.1741,0.15305,0.46155,1,"{""type"":""MultiPoint"",""coordinates"":[]}"
1_86_0,0.32215,0.21335,0.14115,0.16995,0.15,0.4762,1,"{""type"":""MultiPoint"",""coordinates"":[]}"
1_87_0,0.3562,0.2233,0.1387,0.1748,0.1406,0.5092,1,"{""type"":""MultiPoint"",""coordinates"":[]}"
1_88_0,0.3302,0.20755,0.14025,0.1794,0.13975,0.50745,1,"{""type"":""MultiPoint"",""coordinates"":[]}"
1_89_0,0.27795,0.1865,0.13865,0.1689,0.1422,0.41685,1,"{""type"":""MultiPoint"",""coordinates"":[]}"
1_90_0,0.3618,0.2624,0.1388,0.1764,0.178,0.4164,1,"{""type"":""MultiPoint"",""coordinates"":[]}"
1_91_0,0.2967,0.1994,0.1271,0.1756,0.146,0.454,1,"{""type"":""MultiPoint"",""coordinates"":[]}"
1_92_0,0.2879,0.1953,0.1289,0.1728,0.1534,0.416,1,"{""type"":""MultiPoint"",""coordinates"":[]}"
1_93_0,0.3676,0.2611,0.14245,0.1797,0.166,0.4572,1,"{""type"":""MultiPoint"",""coordinates"":[]}"
1_94_0,0.3507,0.2161,0.1946,0.2116,0.1736,0.5312,1,"{""type"":""MultiPoint"",""coordinates"":[]}"
1_95_0,0.36585,0.2951,0.13695,0.1747,0.1811,0.49295,1,"{""type"":""MultiPoint"",""coordinates"":[]}"
1_96_0,0.3182,0.218,0.13315,0.1642,0.13855,0.4746,1,"{""type"":""MultiPoint"",""coordinates"":[]}"
1_97_0,0.3229,0.216,0.142,0.1835,0.1534,0.5064,1,"{""type"":""MultiPoint"",""coordinates"":[]}"
1_98_0,0.3486,0.2293,0.1381,0.1786,0.1482,0.528,1,"{""type"":""MultiPoint"",""coordinates"":[]}"
1_99_0,0.2981,0.1932,0.134,0.1642,0.1331,0.498,1,"{""type"":""MultiPoint"",""coordinates"":[]}"
1_100_0,0.28385,0.18635,0.1219,0.15275,0.1377,0.47955,1,"{""type"":""MultiPoint"",""coordinates"":[]}"
1_101_0,0.3393,0.2528,0.1468,0.1835,0.1688,0.4232,1,"{""type"":""MultiPoint"",""coordinates"":[]}"
1_102_0,0.36305,0.24975,0.16555,0.1998,0.17805,0.49125,1,"{""type"":""MultiPoint"",""coordinates"":[]}"
1_103_0,0.295,0.1958,0.1378,0.1826,0.1546,0.4768,1,"{""type"":""MultiPoint"",""coordinates"":[]}"
1_104_0,0.3555,0.2363,0.1701,0.2084,0.186,0.4916,1,"{""type"":""MultiPoint"",""coordinates"":[]}"
1_105_0,0.34655,0.23825,0.14005,0.18005,0.16505,0.4506,1,"{""type"":""MultiPoint"",""coordinates"":[]}"
1_106_0,0.2598,0.173,0.144,0.1539,0.135,0.4084,1,"{""type"":""MultiPoint"",""coordinates"":[]}"
1_107_0,0.3719,0.28565,0.191,0.2175,0.19785,0.49995,1,"{""type"":""MultiPoint"",""coordinates"":[]}"
1_108_0,0.30085,0.2055,0.13355,0.1667,0.1534,0.4178,1,"{""type"":""MultiPoint"",""coordinates"":[]}"
1_109_0,0.38595,0.26165,0.2454,0.2572,0.2205,0.52495,1,"{""type"":""MultiPoint"",""coordinates"":[]}"
1_110_0,0.31365,0.21975,0.1395,0.17125,0.15865,0.3925,1,"{""type"":""MultiPoint"",""coordinates"":[]}"
1_111_0,0.3307,0.2172,0.1536,0.1824,0.1562,0.3842,1,"{""type"":""MultiPoint"",""coordinates"":[]}"
1_112_0,0.33435,0.2357,0.1796,0.2036,0.169,0.47115,1,"{""type"":""MultiPoint"",""coordinates"":[]}"
1_113_0,0.398,0.2777,0.1612,0.204,0.1682,0.524,1,"{""type"":""MultiPoint"",""coordinates"":[]}"
1_114_0,0.32415,0.23325,0.1357,0.1676,0.1572,0.4081,1,"{""type"":""MultiPoint"",""coordinates"":[]}"
1_115_0,0.2482,0.1618,0.1258,0.146,0.124,0.434,1,"{""type"":""MultiPoint"",""coordinates"":[]}"
1_116_0,0.3372,0.2239,0.1434,0.18285,0.1518,0.49745,1,"{""type"":""MultiPoint"",""coordinates"":[]}"
1_117_0,0.3779,0.2769,0.1639,0.2118,0.1802,0.4229,1,"{""type"":""MultiPoint"",""coordinates"":[]}"
1_118_0,0.348,0.2251,0.1316,0.1678,0.1397,0.5021,1,"{""type"":""MultiPoint"",""coordinates"":[]}"
1_119_0,0.3237,0.2351,0.14225,0.184,0.167,0.4024,1,"{""type"":""MultiPoint"",""coordinates"":[]}"
1_120_0,0.3299,0.2149,0.1256,0.1553,0.1294,0.5532,1,"{""type"":""MultiPoint"",""coordinates"":[]}"
1_121_0,0.3673,0.2408,0.15,0.1961,0.1664,0.4908,1,"{""type"":""MultiPoint"",""coordinates"":[]}"
1_122_0,0.37255,0.27975,0.1584,0.19115,0.1864,0.49325,1,"{""type"":""MultiPoint"",""coordinates"":[]}"
1_123_0,0.307,0.1972,0.129,0.1502,0.1334,0.4444,1,"{""type"":""MultiPoint"",""coordinates"":[]}"
1_124_0,0.3325,0.23195,0.1436,0.17965,0.1475,0.51,1,"{""type"":""MultiPoint"",""coordinates"":[]}"
1_125_0,0.2852,0.1869,0.1303,0.1746,0.1484,0.4664,1,"{""type"":""MultiPoint"",""coordinates"":[]}"
1_126_0,0.32895,0.2122,0.13925,0.172,0.14915,0.4973,1,"{""type"":""MultiPoint"",""coordinates"":[]}"
1_127_0,0.3515,0.2408,0.16125,0.19015,0.1659,0.4524,1,"{""type"":""MultiPoint"",""coordinates"":[]}"
1_128_0,0.295,0.1854,0.1363,0.1514,0.1324,0.494,1,"{""type"":""MultiPoint"",""coordinates"":[]}"
1_129_0,0.271,0.182,0.1264,0.1438,0.1266,0.3676,1,"{""type"":""MultiPoint"",""coordinates"":[]}"
1_130_0,0.32485,0.223,0.1323,0.1703,0.14625,0.477,1,"{""type"":""MultiPoint"",""coordinates"":[]}"
1_131_0,0.31865,0.21525,0.13705,0.1684,0.1542,0.44705,1,"{""type"":""MultiPoint"",""coordinates"":[]}"
1_132_0,0.3305,0.2262,0.1567,0.1962,0.1628,0.4328,1,"{""type"":""MultiPoint"",""coordinates"":[]}"
1_133_0,0.289,0.1903,0.12925,0.1575,0.1327,0.44035,1,"{""type"":""MultiPoint"",""coordinates"":[]}"
1_134_0,0.4111,0.3202,0.2021,0.20605,0.1883,0.4686,1,"{""type"":""MultiPoint"",""coordinates"":[]}"
1_135_0,0.34185,0.23045,0.1502,0.18215,0.16045,0.4187,1,"{""type"":""MultiPoint"",""coordinates"":[]}"
1_136_0,0.2886,0.1951,0.1274,0.152,0.1375,0.4872,1,"{""type"":""MultiPoint"",""coordinates"":[]}"
1_137_0,0.3232,0.2156,0.1262,0.1712,0.1438,0.506,1,"{""type"":""MultiPoint"",""coordinates"":[]}"
1_138_0,0.2904,0.2021,0.1472,0.1796,0.1542,0.3872,1,"{""type"":""MultiPoint"",""coordinates"":[]}"
1_139_0,0.3339,0.2502,0.1452,0.1828,0.1763,0.4184,1,"{""type"":""MultiPoint"",""coordinates"":[]}"
1_140_0,0.348,0.2298,0.1445,0.165,0.1447,0.43,1,"{""type"":""MultiPoint"",""coordinates"":[]}"
1_141_0,0.2905,0.204,0.1471,0.1683,0.14795,0.4346,1,"{""type"":""MultiPoint"",""coordinates"":[]}"
1_142_0,0.3263,0.216,0.1263,0.1638,0.1467,0.5552,1,"{""type"":""MultiPoint"",""coordinates"":[]}"
1_143_0,0.30115,0.20405,0.166,0.184,0.17995,0.4606,1,"{""type"":""MultiPoint"",""coordinates"":[]}"
1_144_0,0.3399,0.21665,0.1381,0.16665,0.14065,0.50525,1,"{""type"":""MultiPoint"",""coordinates"":[]}"
1_145_0,0.31615,0.20115,0.1381,0.1701,0.1446,0.50615,1,"{""type"":""MultiPoint"",""coordinates"":[]}"
1_146_0,0.3215,0.226,0.1515,0.1833,0.1616,0.4452,1,"{""type"":""MultiPoint"",""coordinates"":[]}"
1_147_0,0.2893,0.21625,0.1409,0.16245,0.149,0.3949,1,"{""type"":""MultiPoint"",""coordinates"":[]}"
1_148_0,0.3355,0.2407,0.1344,0.166,0.164,0.4452,1,"{""type"":""MultiPoint"",""coordinates"":[]}"
1_149_0,0.2823,0.1901,0.123,0.1624,0.1376,0.4204,1,"{""type"":""MultiPoint"",""coordinates"":[]}"
1_150_0,0.3704,0.26765,0.15945,0.192,0.16755,0.4944,1,"{""type"":""MultiPoint"",""coordinates"":[]}"
1_151_0,0.2909,0.185,0.1313,0.1472,0.1299,0.4224,1,"{""type"":""MultiPoint"",""coordinates"":[]}"
1_152_0,0.3802,0.26875,0.1976,0.2158,0.1962,0.48835,1,"{""type"":""MultiPoint"",""coordinates"":[]}"
1_153_0,0.29545,0.21445,0.1204,0.15025,0.13935,0.3677,1,"{""type"":""MultiPoint"",""coordinates"":[]}"
1_154_0,0.3332,0.21045,0.13885,0.17,0.1359,0.513,1,"{""type"":""MultiPoint"",""coordinates"":[]}"
1_155_0,0.31525,0.2299,0.1422,0.1679,0.14975,0.40875,1,"{""type"":""MultiPoint"",""coordinates"":[]}"
1_156_0,0.3403,0.233,0.1696,0.2036,0.1814,0.4344,1,"{""type"":""MultiPoint"",""coordinates"":[]}"
1_157_0,0.32685,0.22845,0.1401,0.1714,0.1512,0.45685,1,"{""type"":""MultiPoint"",""coordinates"":[]}"
1_158_0,0.2706,0.1726,0.1262,0.1464,0.1236,0.4536,1,"{""type"":""MultiPoint"",""coordinates"":[]}"
1_159_0,0.27455,0.18315,0.13355,0.1628,0.13785,0.4183,1,"{""type"":""MultiPoint"",""coordinates"":[]}"
1_160_0,0.30975,0.2094,0.14875,0.16855,0.15305,0.4217,1,"{""type"":""MultiPoint"",""coordinates"":[]}"
1_161_0,0.33965,0.2333,0.14955,0.1757,0.15695,0.4698,1,"{""type"":""MultiPoint"",""coordinates"":[]}"
1_162_0,0.2957,0.204,0.1302,0.1766,0.1502,0.444,1,"{""type"":""MultiPoint"",""coordinates"":[]}"
1_163_0,0.35905,0.2712,0.1723,0.2178,0.1959,0.4672,1,"{""type"":""MultiPoint"",""coordinates"":[]}"
1_164_0,0.2731,0.1768,0.1414,0.1552,0.1291,0.4288,1,"{""type"":""MultiPoint"",""coordinates"":[]}"
1_165_0,0.3279,0.2251,0.1334,0.1639,0.1542,0.4664,1,"{""type"":""MultiPoint"",""coordinates"":[]}"
1_166_0,0.2775,0.1874,0.1212,0.1678,0.1403,0.4228,1,"{""type"":""MultiPoint"",""coordinates"":[]}"
1_167_0,0.3338,0.2266,0.1463,0.1836,0.1632,0.4108,1,"{""type"":""MultiPoint"",""coordinates"":[]}"
1_168_0,0.3825,0.279,0.1514,0.1877,0.1668,0.5212,1,"{""type"":""MultiPoint"",""coordinates"":[]}"
1_169_0,0.34475,0.23495,0.14885,0.1924,0.15655,0.4596,1,"{""type"":""MultiPoint"",""coordinates"":[]}"
1_170_0,0.31205,0.20445,0.13215,0.174,0.1564,0.47165,1,"{""type"":""MultiPoint"",""coordinates"":[]}"
1_171_0,0.3244,0.2107,0.1392,0.1714,0.1407,0.5128,1,"{""type"":""MultiPoint"",""coordinates"":[]}"
1_172_0,0.3358,0.21815,0.1403,0.16935,0.14325,0.5042,1,"{""type"":""MultiPoint"",""coordinates"":[]}"
1_173_0,0.3915,0.2616,0.172,0.201,0.1758,0.466,1,"{""type"":""MultiPoint"",""coordinates"":[]}"
1_174_0,0.30075,0.20925,0.13085,0.1593,0.14645,0.4518,1,"{""type"":""MultiPoint"",""coordinates"":[]}"
1_175_0,0.372,0.25635,0.1548,0.1907,0.1659,0.4968,1,"{""type"":""MultiPoint"",""coordinates"":[]}"
1_176_0,0.3524,0.2397,0.1572,0.1844,0.1647,0.4544,1,"{""type"":""MultiPoint"",""coordinates"":[]}"
1_177_0,0.3391,0.2397,0.1556,0.1988,0.1633,0.4496,1,"{""type"":""MultiPoint"",""coordinates"":[]}"
1_178_0,0.31465,0.2066,0.12765,0.162,0.1455,0.50355,1,"{""type"":""MultiPoint"",""coordinates"":[]}"
1_179_0,0.3744,0.2845,0.149,0.1926,0.1796,0.4356,1,"{""type"":""MultiPoint"",""coordinates"":[]}"
1_180_0,0.2881,0.1923,0.1412,0.1796,0.1412,0.4184,1,"{""type"":""MultiPoint"",""coordinates"":[]}"
1_181_0,0.3409,0.2267,0.151,0.18315,0.1579,0.4442,1,"{""type"":""MultiPoint"",""coordinates"":[]}"
1_182_0,0.288,0.2109,0.1583,0.18565,0.1727,0.4057,1,"{""type"":""MultiPoint"",""coordinates"":[]}"
1_183_0,0.3253,0.214,0.1251,0.1653,0.1454,0.5172,1,"{""type"":""MultiPoint"",""coordinates"":[]}"
1_184_0,0.36015,0.2475,0.1608,0.1926,0.1702,0.4956,1,"{""type"":""MultiPoint"",""coordinates"":[]}"
1_185_0,0.4155,0.30845,0.1586,0.1995,0.18415,0.4806,1,"{""type"":""MultiPoint"",""coordinates"":[]}"
1_186_0,0.4282,0.315,0.1543,0.189,0.1846,0.458,1,"{""type"":""MultiPoint"",""coordinates"":[]}"
1_187_0,0.33795,0.22485,0.1429,0.1706,0.14915,0.47455,1,"{""type"":""MultiPoint"",""coordinates"":[]}"
1_188_0,0.29765,0.2177,0.14675,0.1702,0.15,0.40125,1,"{""type"":""MultiPoint"",""coordinates"":[]}"
1_189_0,0.3476,0.2499,0.1479,0.1834,0.16795,0.4696,1,"{""type"":""MultiPoint"",""coordinates"":[]}"
1_190_0,0.35865,0.27155,0.16325,0.1974,0.1804,0.4356,1,"{""type"":""MultiPoint"",""coordinates"":[]}"
1_191_0,0.2857,0.1767,0.13,0.1558,0.1264,0.4912,1,"{""type"":""MultiPoint"",""coordinates"":[]}"
1_192_0,0.3687,0.2604,0.1558,0.1914,0.173,0.4644,1,"{""type"":""MultiPoint"",""coordinates"":[]}"
1_193_0,0.2986,0.2078,0.1379,0.1664,0.158,0.4328,1,"{""type"":""MultiPoint"",""coordinates"":[]}"
1_194_0,0.3005,0.2045,0.1309,0.1798,0.1522,0.4248,1,"{""type"":""MultiPoint"",""coordinates"":[]}"
1_195_0,0.2879,0.1925,0.1299,0.1634,0.1454,0.4632,1,"{""type"":""MultiPoint"",""coordinates"":[]}"
1_196_0,0.3272,0.2284,0.1492,0.1896,0.1648,0.434,1,"{""type"":""MultiPoint"",""coordinates"":[]}"
1_197_0,0.3297,0.23775,0.17675,0.18075,0.1619,0.4806,1,"{""type"":""MultiPoint"",""coordinates"":[]}"
1_198_0,0.3296,0.2147,0.1581,0.195,0.1554,0.51435,1,"{""type"":""MultiPoint"",""coordinates"":[]}"
1_199_0,0.3266,0.2065,0.1345,0.1629,0.1364,0.5384,1,"{""type"":""MultiPoint"",""coordinates"":[]}"
1_200_0,0.32015,0.2151,0.13315,0.1699,0.1526,0.4976,1,"{""type"":""MultiPoint"",""coordinates"":[]}"
1_201_0,0.2908,0.1913,0.128,0.1696,0.1464,0.4688,1,"{""type"":""MultiPoint"",""coordinates"":[]}"
1_202_0,0.3205,0.2132,0.1474,0.1783,0.1503,0.4672,1,"{""type"":""MultiPoint"",""coordinates"":[]}"
1_203_0,0.33925,0.22455,0.14725,0.1741,0.1496,0.5188,1,"{""type"":""MultiPoint"",""coordinates"":[]}"
1_204_0,0.2984,0.20045,0.11465,0.16485,0.1416,0.4878,1,"{""type"":""MultiPoint"",""coordinates"":[]}"
1_205_0,0.3278,0.2159,0.1355,0.1716,0.14705,0.4926,1,"{""type"":""MultiPoint"",""coordinates"":[]}"
1_206_0,0.3256,0.20525,0.1372,0.1623,0.13425,0.5356,1,"{""type"":""MultiPoint"",""coordinates"":[]}"
1_207_0,0.4188,0.3569,0.1474,0.1778,0.1726,0.4188,1,"{""type"":""MultiPoint"",""coordinates"":[]}"
1_208_0,0.3015,0.2038,0.1333,0.1655,0.152,0.4888,1,"{""type"":""MultiPoint"",""coordinates"":[]}"
1_209_0,0.3478,0.2381,0.135,0.1631,0.1435,0.4396,1,"{""type"":""MultiPoint"",""coordinates"":[]}"
1_210_0,0.2787,0.1855,0.1291,0.1704,0.1435,0.4532,1,"{""type"":""MultiPoint"",""coordinates"":[]}"
1_211_0,0.36375,0.25035,0.14715,0.1798,0.165,0.4638,1,"{""type"":""MultiPoint"",""coordinates"":[]}"
1_212_0,0.2924,0.1832,0.1325,0.154,0.1285,0.5008,1,"{""type"":""MultiPoint"",""coordinates"":[]}"
1_213_0,0.3781,0.261,0.1646,0.1976,0.1852,0.4964,1,"{""type"":""MultiPoint"",""coordinates"":[]}"
1_214_0,0.329,0.2059,0.1372,0.1745,0.1384,0.59225,1,"{""type"":""MultiPoint"",""coordinates"":[]}"
1_215_0,0.3606,0.2601,0.1557,0.1858,0.1694,0.4414,1,"{""type"":""MultiPoint"",""coordinates"":[]}"
1_216_0,0.3012,0.1965,0.1272,0.165,0.1438,0.4876,1,"{""type"":""MultiPoint"",""coordinates"":[]}"
1_217_0,0.32135,0.20855,0.12575,0.15865,0.14035,0.5254,1,"{""type"":""MultiPoint"",""coordinates"":[]}"
1_218_0,0.32155,0.2215,0.14515,0.17775,0.14985,0.4892,1,"{""type"":""MultiPoint"",""coordinates"":[]}"
1_219_0,0.2954,0.2307,0.1379,0.1658,0.151,0.354,1,"{""type"":""MultiPoint"",""coordinates"":[]}"
1_220_0,0.36505,0.26975,0.1517,0.1821,0.17295,0.4321,1,"{""type"":""MultiPoint"",""coordinates"":[]}"
1_221_0,0.3114,0.19745,0.1442,0.16835,0.1487,0.48155,1,"{""type"":""MultiPoint"",""coordinates"":[]}"
1_222_0,0.35,0.2429,0.1526,0.1824,0.1653,0.4208,1,"{""type"":""MultiPoint"",""coordinates"":[]}"
1_223_0,0.3173,0.2053,0.1339,0.1598,0.1381,0.458,1,"{""type"":""MultiPoint"",""coordinates"":[]}"
1_224_0,0.2958,0.1925,0.1408,0.1782,0.1435,0.4024,1,"{""type"":""MultiPoint"",""coordinates"":[]}"
1_225_0,0.33995,0.2195,0.14215,0.1736,0.14375,0.4868,1,"{""type"":""MultiPoint"",""coordinates"":[]}"
1_226_0,0.2725,0.1863,0.13265,0.1557,0.13675,0.3546,1,"{""type"":""MultiPoint"",""coordinates"":[]}"
1_227_0,0.3148,0.2087,0.1414,0.1822,0.1646,0.4114,1,"{""type"":""MultiPoint"",""coordinates"":[]}"
1_228_0,0.33205,0.2179,0.1502,0.1862,0.1543,0.49345,1,"{""type"":""MultiPoint"",""coordinates"":[]}"
1_229_0,0.307,0.2099,0.1187,0.1619,0.1391,0.4816,1,"{""type"":""MultiPoint"",""coordinates"":[]}"
1_230_0,0.3322,0.2368,0.1262,0.1542,0.1452,0.456,1,"{""type"":""MultiPoint"",""coordinates"":[]}"
1_231_0,0.3361,0.23675,0.13615,0.17815,0.15445,0.4614,1,"{""type"":""MultiPoint"",""coordinates"":[]}"
1_232_0,0.347,0.24375,0.1431,0.1676,0.1528,0.42545,1,"{""type"":""MultiPoint"",""coordinates"":[]}"
1_233_0,0.34025,0.2411,0.1757,0.1941,0.1726,0.4896,1,"{""type"":""MultiPoint"",""coordinates"":[]}"
1_234_0,0.2407,0.1622,0.1264,0.1385,0.1247,0.331,1,"{""type"":""MultiPoint"",""coordinates"":[]}"
1_235_0,0.36945,0.27025,0.1578,0.1862,0.1807,0.4425,1,"{""type"":""MultiPoint"",""coordinates"":[]}"
1_236_0,0.3466,0.2295,0.1464,0.16855,0.1647,0.4432,1,"{""type"":""MultiPoint"",""coordinates"":[]}"
1_237_0,0.3394,0.25955,0.1841,0.20885,0.1927,0.5166,1,"{""type"":""MultiPoint"",""coordinates"":[]}"
1_238_0,0.4061,0.2938,0.1919,0.2184,0.2078,0.5108,1,"{""type"":""MultiPoint"",""coordinates"":[]}"
1_239_0,0.3279,0.2389,0.1454,0.1803,0.1684,0.405,1,"{""type"":""MultiPoint"",""coordinates"":[]}"
1_240_0,0.3058,0.2071,0.1524,0.1813,0.1585,0.4748,1,"{""type"":""MultiPoint"",""coordinates"":[]}"
1_241_0,0.29075,0.19445,0.13215,0.1656,0.13985,0.4486,1,"{""type"":""MultiPoint"",""coordinates"":[]}"
1_242_0,0.3435,0.2479,0.1398,0.1703,0.16,0.4252,1,"{""type"":""MultiPoint"",""coordinates"":[]}"
1_243_0,0.2457,0.1642,0.1294,0.146,0.1244,0.4024,1,"{""type"":""MultiPoint"",""coordinates"":[]}"
1_244_0,0.36055,0.26465,0.15785,0.1969,0.1722,0.4844,1,"{""type"":""MultiPoint"",""coordinates"":[]}"
1_245_0,0.31995,0.2235,0.14475,0.17875,0.1695,0.3968,1,"{""type"":""MultiPoint"",""coordinates"":[]}"
1_246_0,0.3301,0.2155,0.1474,0.1795,0.1455,0.4728,1,"{""type"":""MultiPoint"",""coordinates"":[]}"
1_247_0,0.3284,0.2356,0.1469,0.176,0.163,0.4176,1,"{""type"":""MultiPoint"",""coordinates"":[]}"
1_248_0,0.3136,0.2113,0.1516,0.1841,0.1575,0.472,1,"{""type"":""MultiPoint"",""coordinates"":[]}"
1_249_0,0.33805,0.23285,0.14305,0.17015,0.14615,0.51905,1,"{""type"":""MultiPoint"",""coordinates"":[]}"
1_250_0,0.3185,0.2039,0.1337,0.1732,0.1348,0.4864,1,"{""type"":""MultiPoint"",""coordinates"":[]}"
1_251_0,0.3421,0.2202,0.1332,0.181,0.1394,0.5816,1,"{""type"":""MultiPoint"",""coordinates"":[]}"
1_252_0,0.288,0.1978,0.1382,0.1565,0.146,0.3514,1,"{""type"":""MultiPoint"",""coordinates"":[]}"
1_253_0,0.3134,0.2086,0.122,0.1628,0.1448,0.4724,1,"{""type"":""MultiPoint"",""coordinates"":[]}"
1_254_0,0.3481,0.2376,0.1504,0.1949,0.1576,0.4992,1,"{""type"":""MultiPoint"",""coordinates"":[]}"
1_255_0,0.3333,0.22895,0.1426,0.16855,0.1717,0.4378,1,"{""type"":""MultiPoint"",""coordinates"":[]}"
1_256_0,0.3125,0.2206,0.1409,0.1752,0.1607,0.4312,1,"{""type"":""MultiPoint"",""coordinates"":[]}"
1_257_0,0.36025,0.2406,0.14545,0.19455,0.14895,0.57885,1,"{""type"":""MultiPoint"",""coordinates"":[]}"
1_258_0,0.3018,0.188,0.128,0.1556,0.1284,0.5176,1,"{""type"":""MultiPoint"",""coordinates"":[]}"
1_259_0,0.2978,0.2002,0.1335,0.1796,0.1512,0.4536,1,"{""type"":""MultiPoint"",""coordinates"":[]}"
1_260_0,0.3642,0.24185,0.2017,0.23305,0.1962,0.5002,1,"{""type"":""MultiPoint"",""coordinates"":[]}"
1_261_0,0.31715,0.2035,0.1406,0.17335,0.14105,0.4974,1,"{""type"":""MultiPoint"",""coordinates"":[]}"
1_262_0,0.3018,0.1882,0.1288,0.1538,0.127,0.4836,1,"{""type"":""MultiPoint"",""coordinates"":[]}"
1_263_0,0.3226,0.2163,0.1187,0.1547,0.1342,0.5276,1,"{""type"":""MultiPoint"",""coordinates"":[]}"
1_264_0,0.3203,0.2068,0.1264,0.1618,0.1376,0.4928,1,"{""type"":""MultiPoint"",""coordinates"":[]}"
1_265_0,0.3097,0.2251,0.1322,0.1644,0.163,0.382,1,"{""type"":""MultiPoint"",""coordinates"":[]}"
1_266_0,0.3486,0.2277,0.1236,0.1608,0.1322,0.5604,1,"{""type"":""MultiPoint"",""coordinates"":[]}"
1_267_0,0.3382,0.2427,0.1403,0.1736,0.1694,0.4432,1,"{""type"":""MultiPoint"",""coordinates"":[]}"
1_268_0,0.3517,0.2405,0.1479,0.1904,0.1592,0.5024,1,"{""type"":""MultiPoint"",""coordinates"":[]}"
1_269_0,0.3986,0.2925,0.1556,0.192,0.18,0.4735,1,"{""type"":""MultiPoint"",""coordinates"":[]}"
1_270_0,0.3322,0.2203,0.156,0.196,0.157,0.409,1,"{""type"":""MultiPoint"",""coordinates"":[]}"
1_271_0,0.37095,0.2464,0.209,0.2096,0.20305,0.47565,1,"{""type"":""MultiPoint"",""coordinates"":[]}"
1_272_0,0.3888,0.2517,0.2007,0.2228,0.1791,0.5488,1,"{""type"":""MultiPoint"",""coordinates"":[]}"
1_273_0,0.2864,0.2053,0.14,0.1732,0.1504,0.4112,1,"{""type"":""MultiPoint"",""coordinates"":[]}"
1_274_0,0.26645,0.17275,0.1292,0.14655,0.1284,0.4042,1,"{""type"":""MultiPoint"",""coordinates"":[]}"
1_275_0,0.31695,0.21015,0.14055,0.1745,0.1473,0.4368,1,"{""type"":""MultiPoint"",""coordinates"":[]}"
1_276_0,0.3242,0.2014,0.1312,0.1567,0.1284,0.5972,1,"{""type"":""MultiPoint"",""coordinates"":[]}"
1_277_0,0.3899,0.2461,0.13795,0.1713,0.1389,0.642,1,"{""type"":""MultiPoint"",""coordinates"":[]}"
1_278_0,0.3418,0.2432,0.14385,0.1693,0.14895,0.4928,1,"{""type"":""MultiPoint"",""coordinates"":[]}"
1_279_0,0.3301,0.2151,0.1469,0.1736,0.1493,0.5052,1,"{""type"":""MultiPoint"",""coordinates"":[]}"
1_280_0,0.3484,0.2461,0.1432,0.186,0.1737,0.434,1,"{""type"":""MultiPoint"",""coordinates"":[]}"
1_281_0,0.3438,0.23965,0.13945,0.1731,0.1541,0.479,1,"{""type"":""MultiPoint"",""coordinates"":[]}"
1_282_0,0.2865,0.1891,0.1177,0.1516,0.1354,0.5044,1,"{""type"":""MultiPoint"",""coordinates"":[]}"
1_283_0,0.3457,0.2264,0.14695,0.18585,0.154,0.49855,1,"{""type"":""MultiPoint"",""coordinates"":[]}"
1_284_0,0.3127,0.2136,0.2034,0.2098,0.1915,0.4584,1,"{""type"":""MultiPoint"",""coordinates"":[]}"
1_285_0,0.3089,0.2026,0.1329,0.1538,0.1346,0.3834,1,"{""type"":""MultiPoint"",""coordinates"":[]}"
1_286_0,0.3467,0.2407,0.14655,0.19955,0.1612,0.462,1,"{""type"":""MultiPoint"",""coordinates"":[]}"
1_287_0,0.36215,0.24685,0.14765,0.17505,0.161,0.46215,1,"{""type"":""MultiPoint"",""coordinates"":[]}"
1_288_0,0.37695,0.2738,0.1528,0.1895,0.16935,0.51065,1,"{""type"":""MultiPoint"",""coordinates"":[]}"
1_289_0,0.3363,0.2282,0.1323,0.1692,0.1549,0.52,1,"{""type"":""MultiPoint"",""coordinates"":[]}"
1_290_0,0.31385,0.22455,0.13655,0.16625,0.1563,0.4004,1,"{""type"":""MultiPoint"",""coordinates"":[]}"
1_291_0,0.3447,0.2181,0.1368,0.1725,0.1423,0.4976,1,"{""type"":""MultiPoint"",""coordinates"":[]}"
1_292_0,0.31075,0.20805,0.12865,0.1628,0.1407,0.471,1,"{""type"":""MultiPoint"",""coordinates"":[]}"
1_293_0,0.32895,0.2099,0.1428,0.1717,0.14105,0.4846,1,"{""type"":""MultiPoint"",""coordinates"":[]}"
1_294_0,0.338,0.2241,0.14425,0.1782,0.1551,0.46605,1,"{""type"":""MultiPoint"",""coordinates"":[]}"
1_295_0,0.3585,0.2429,0.1448,0.1883,0.1587,0.4996,1,"{""type"":""MultiPoint"",""coordinates"":[]}"
1_296_0,0.2953,0.1934,0.1297,0.1776,0.1503,0.4604,1,"{""type"":""MultiPoint"",""coordinates"":[]}"
1_297_0,0.3056,0.1943,0.1358,0.1639,0.1418,0.5002,1,"{""type"":""MultiPoint"",""coordinates"":[]}"
1_298_0,0.2993,0.2031,0.1304,0.1773,0.1518,0.4256,1,"{""type"":""MultiPoint"",""coordinates"":[]}"
1_299_0,0.3116,0.2134,0.1158,0.1556,0.1364,0.446,1,"{""type"":""MultiPoint"",""coordinates"":[]}"
2_0_0,0.463,0.3857,0.346,0.3514,0.346,0.508,0,"{""type"":""MultiPoint"",""coordinates"":[]}"
2_1_0,0.346,0.2441,0.1608,0.1992,0.271,0.369,0,"{""type"":""MultiPoint"",""coordinates"":[]}"
2_2_0,0.4452,0.41685,0.3498,0.309,0.2862,0.4253,0,"{""type"":""MultiPoint"",""coordinates"":[]}"
2_3_0,0.5792,0.5162,0.2078,0.2576,0.3122,0.4368,0,"{""type"":""MultiPoint"",""coordinates"":[]}"
2_4_0,0.40235,0.3783,0.2251,0.2671,0.3146,0.34335,0,"{""type"":""MultiPoint"",""coordinates"":[]}"
2_5_0,0.3906,0.326,0.1622,0.185,0.2122,0.3084,0,"{""type"":""MultiPoint"",""coordinates"":[]}"
2_6_0,0.39845,0.367,0.1547,0.1691,0.1983,0.2809,0,"{""type"":""MultiPoint"",""coordinates"":[]}"
2_7_0,0.3408,0.2673,0.1482,0.1778,0.198,0.2908,0,"{""type"":""MultiPoint"",""coordinates"":[]}"
2_8_0,0.5965,0.5443,0.5164,0.5097,0.4891,0.6338,0,"{""type"":""MultiPoint"",""coordinates"":[]}"
2_9_0,0.4182,0.3842,0.1735,0.2046,0.252,0.2992,0,"{""type"":""MultiPoint"",""coordinates"":[]}"
2_10_0,0.57235,0.45935,0.7952,0.7438,0.6798,0.78085,0,"{""type"":""MultiPoint"",""coordinates"":[]}"
2_11_0,0.12505,0.1212,0.13075,0.1389,0.12155,0.1073,0,"{""type"":""MultiPoint"",""coordinates"":[]}"
2_12_0,0.14515,0.13805,0.1315,0.1425,0.12985,0.1119,0,"{""type"":""MultiPoint"",""coordinates"":[]}"
2_13_0,0.5018,0.42125,0.4907,0.47765,0.4536,0.6594,0,"{""type"":""MultiPoint"",""coordinates"":[]}"
2_14_0,0.43995,0.3725,0.2509,0.2642,0.2737,0.3955,0,"{""type"":""MultiPoint"",""coordinates"":[]}"
2_15_0,0.4525,0.3833,0.3602,0.35105,0.3393,0.4695,0,"{""type"":""MultiPoint"",""coordinates"":[]}"
2_16_0,0.3485,0.2798,0.1912,0.2096,0.2248,0.3078,0,"{""type"":""MultiPoint"",""coordinates"":[]}"
2_17_0,0.2408,0.2187,0.236,0.2444,0.2278,0.2196,0,"{""type"":""MultiPoint"",""coordinates"":[]}"
2_18_0,0.2213,0.2237,0.2146,0.2248,0.2226,0.2008,0,"{""type"":""MultiPoint"",""coordinates"":[]}"
2_19_0,0.4601,0.3726,0.1916,0.2156,0.2272,0.3152,0,"{""type"":""MultiPoint"",""coordinates"":[]}"
2_20_0,0.47885,0.38645,0.3266,0.3467,0.3444,0.5038,0,"{""type"":""MultiPoint"",""coordinates"":[]}"
2_21_0,0.38005,0.3176,0.2315,0.2425,0.2425,0.3527,0,"{""type"":""MultiPoint"",""coordinates"":[]}"
2_22_0,0.4919,0.4744,0.2644,0.3042,0.3304,0.4382,0,"{""type"":""MultiPoint"",""coordinates"":[]}"
2_23_0,0.4351,0.3494,0.3016,0.3282,0.3152,0.4568,0,"{""type"":""MultiPoint"",""coordinates"":[]}"
2_24_0,0.4603,0.39035,0.3038,0.307,0.3063,0.4454,0,"{""type"":""MultiPoint"",""coordinates"":[]}"
2_25_0,0.403,0.3489,0.3398,0.3658,0.3634,0.3592,0,"{""type"":""MultiPoint"",""coordinates"":[]}"
2_26_0,0.5018,0.4136,0.4792,0.4624,0.442,0.564,0,"{""type"":""MultiPoint"",""coordinates"":[]}"
2_27_0,0.63445,0.52795,0.7557,0.7268,0.6718,0.8162,0,"{""type"":""MultiPoint"",""coordinates"":[]}"
2_28_0,0.39835,0.3352,0.2216,0.2457,0.2746,0.303,0,"{""type"":""MultiPoint"",""coordinates"":[]}"
2_29_0,0.38775,0.37635,0.1695,0.2039,0.2263,0.3351,0,"{""type"":""MultiPoint"",""coordinates"":[]}"
2_30_0,0.44385,0.36865,0.2489,0.2977,0.3087,0.4424,0,"{""type"":""MultiPoint"",""coordinates"":[]}"
2_31_0,0.46315,0.4213,0.4422,0.4188,0.38335,0.52135,0,"{""type"":""MultiPoint"",""coordinates"":[]}"
2_32_0,0.4991,0.4254,0.2082,0.2374,0.271,0.3976,0,"{""type"":""MultiPoint"",""coordinates"":[]}"
2_33_0,0.5307,0.4573,0.5396,0.5164,0.5064,0.6036,0,"{""type"":""MultiPoint"",""coordinates"":[]}"
2_34_0,0.40105,0.35185,0.2063,0.2584,0.2755,0.35395,0,"{""type"":""MultiPoint"",""coordinates"":[]}"
2_35_0,0.4482,0.40925,0.1939,0.241,0.2909,0.35435,0,"{""type"":""MultiPoint"",""coordinates"":[]}"
2_36_0,0.434,0.3606,0.2039,0.2425,0.2687,0.387,0,"{""type"":""MultiPoint"",""coordinates"":[]}"
2_37_0,0.5423,0.478,0.5756,0.544,0.5388,0.616,0,"{""type"":""MultiPoint"",""coordinates"":[]}"
2_38_0,0.5185,0.43765,0.4078,0.4225,0.40435,0.5936,0,"{""type"":""MultiPoint"",""coordinates"":[]}"
2_39_0,0.44275,0.39615,0.20135,0.2511,0.2864,0.38625,0,"{""type"":""MultiPoint"",""coordinates"":[]}"
2_40_0,0.41725,0.39785,0.20725,0.2507,0.3023,0.36265,0,"{""type"":""MultiPoint"",""coordinates"":[]}"
2_41_0,0.17255,0.151,0.16125,0.18035,0.16575,0.1634,0,"{""type"":""MultiPoint"",""coordinates"":[]}"
2_42_0,0.12425,0.12425,0.13165,0.1412,0.12855,0.1188,0,"{""type"":""MultiPoint"",""coordinates"":[]}"
2_43_0,0.32995,0.2687,0.1894,0.2178,0.2375,0.33405,0,"{""type"":""MultiPoint"",""coordinates"":[]}"
2_44_0,0.39975,0.33925,0.3194,0.3126,0.2898,0.41385,0,"{""type"":""MultiPoint"",""coordinates"":[]}"
2_45_0,0.2135,0.2048,0.2282,0.227,0.2154,0.2078,0,"{""type"":""MultiPoint"",""coordinates"":[]}"
2_46_0,0.4628,0.4064,0.17,0.207,0.2372,0.3552,0,"{""type"":""MultiPoint"",""coordinates"":[]}"
2_47_0,0.44005,0.328,0.1955,0.2632,0.3166,0.3839,0,"{""type"":""MultiPoint"",""coordinates"":[]}"
2_48_0,0.4137,0.36625,0.2075,0.2482,0.273,0.3865,0,"{""type"":""MultiPoint"",""coordinates"":[]}"
2_49_0,0.555,0.4696,0.4452,0.4464,0.4432,0.5792,0,"{""type"":""MultiPoint"",""coordinates"":[]}"
2_50_0,0.7242,0.6042,0.608,0.6084,0.5972,0.7312,0,"{""type"":""MultiPoint"",""coordinates"":[]}"
2_51_0,0.4075,0.3599,0.2381,0.2768,0.3251,0.3413,0,"{""type"":""MultiPoint"",""coordinates"":[]}"
2_52_0,0.5375,0.4766,0.54,0.5076,0.4964,0.6024,0,"{""type"":""MultiPoint"",""coordinates"":[]}"
2_53_0,0.4077,0.3827,0.22075,0.2526,0.3091,0.3064,0,"{""type"":""MultiPoint"",""coordinates"":[]}"
2_54_0,0.44035,0.38815,0.2934,0.3103,0.3056,0.4424,0,"{""type"":""MultiPoint"",""coordinates"":[]}"
2_55_0,0.5693,0.5003,0.5826,0.55675,0.5228,0.66875,0,"{""type"":""MultiPoint"",""coordinates"":[]}"
2_56_0,0.5469,0.4993,0.54,0.522,0.508,0.6104,0,"{""type"":""MultiPoint"",""coordinates"":[]}"
2_57_0,0.44025,0.3952,0.191,0.227,0.2735,0.3518,0,"{""type"":""MultiPoint"",""coordinates"":[]}"
2_58_0,0.2208,0.2167,0.2316,0.2376,0.2288,0.213,0,"{""type"":""MultiPoint"",""coordinates"":[]}"
2_59_0,0.66295,0.58415,0.8597,0.7814,0.749,0.7792,0,"{""type"":""MultiPoint"",""coordinates"":[]}"
2_60_0,0.64235,0.591,0.5381,0.529,0.5366,0.60145,0,"{""type"":""MultiPoint"",""coordinates"":[]}"
2_61_0,0.4126,0.3669,0.3548,0.343,0.3292,0.4584,0,"{""type"":""MultiPoint"",""coordinates"":[]}"
2_62_0,0.4513,0.3814,0.3752,0.3852,0.364,0.508,0,"{""type"":""MultiPoint"",""coordinates"":[]}"
2_63_0,0.1735,0.14965,0.1528,0.1858,0.196,0.17285,0,"{""type"":""MultiPoint"",""coordinates"":[]}"
2_64_0,0.50075,0.402,0.55345,0.51405,0.4618,0.65035,0,"{""type"":""MultiPoint"",""coordinates"":[]}"
2_65_0,0.4928,0.4656,0.2388,0.2646,0.2968,0.3818,0,"{""type"":""MultiPoint"",""coordinates"":[]}"
2_66_0,0.2706,0.22055,0.1378,0.1538,0.16255,0.2387,0,"{""type"":""MultiPoint"",""coordinates"":[]}"
2_67_0,0.42835,0.33685,0.18225,0.2073,0.2457,0.3392,0,"{""type"":""MultiPoint"",""coordinates"":[]}"
2_68_0,0.46035,0.404,0.1861,0.2155,0.2434,0.3632,0,"{""type"":""MultiPoint"",""coordinates"":[]}"
2_69_0,0.13725,0.1417,0.1349,0.1438,0.1358,0.1294,0,"{""type"":""MultiPoint"",""coordinates"":[]}"
2_70_0,0.2914,0.2232,0.2566,0.2554,0.2472,0.3088,0,"{""type"":""MultiPoint"",""coordinates"":[]}"
2_71_0,0.4589,0.4115,0.4572,0.4444,0.4168,0.5496,0,"{""type"":""MultiPoint"",""coordinates"":[]}"
2_72_0,0.50485,0.42925,0.47925,0.4562,0.4315,0.60295,0,"{""type"":""MultiPoint"",""coordinates"":[]}"
2_73_0,0.5518,0.5023,0.538,0.534,0.5312,0.6116,0,"{""type"":""MultiPoint"",""coordinates"":[]}"
2_74_0,0.4186,0.3611,0.4176,0.3832,0.3576,0.4876,0,"{""type"":""MultiPoint"",""coordinates"":[]}"
2_75_0,0.5303,0.4453,0.5219,0.5136,0.4947,0.6588,0,"{""type"":""MultiPoint"",""coordinates"":[]}"
2_76_0,0.5227,0.45505,0.441,0.4318,0.3961,0.57245,0,"{""type"":""MultiPoint"",""coordinates"":[]}"
2_77_0,0.459,0.3878,0.308,0.3326,0.3366,0.4864,0,"{""type"":""MultiPoint"",""coordinates"":[]}"
2_78_0,0.4739,0.4272,0.19505,0.2463,0.2951,0.3556,0,"{""type"":""MultiPoint"",""coordinates"":[]}"
2_79_0,0.12115,0.1201,0.1279,0.13235,0.1206,0.11615,0,"{""type"":""MultiPoint"",""coordinates"":[]}"
2_80_0,0.5585,0.4808,0.5796,0.5678,0.5532,0.61855,0,"{""type"":""MultiPoint"",""coordinates"":[]}"
2_81_0,0.42085,0.3602,0.1962,0.2382,0.2665,0.3525,0,"{""type"":""MultiPoint"",""coordinates"":[]}"
2_82_0,0.4703,0.4159,0.1959,0.2288,0.2635,0.3813,0,"{""type"":""MultiPoint"",""coordinates"":[]}"
2_83_0,0.4983,0.4467,0.4948,0.4788,0.4648,0.5552,0,"{""type"":""MultiPoint"",""coordinates"":[]}"
2_84_0,0.47655,0.4373,0.2478,0.2954,0.3482,0.3894,0,"{""type"":""MultiPoint"",""coordinates"":[]}"
2_85_0,0.3728,0.3174,0.1715,0.2014,0.2424,0.3242,0,"{""type"":""MultiPoint"",""coordinates"":[]}"
2_86_0,0.2545,0.2465,0.2636,0.2752,0.2598,0.2336,0,"{""type"":""MultiPoint"",""coordinates"":[]}"
2_87_0,0.541,0.4524,0.5108,0.4988,0.496,0.5888,0,"{""type"":""MultiPoint"",""coordinates"":[]}"
2_88_0,0.4494,0.3927,0.2116,0.2354,0.2726,0.3614,0,"{""type"":""MultiPoint"",""coordinates"":[]}"
2_89_0,0.2129,0.1771,0.1622,0.1827,0.18,0.2038,0,"{""type"":""MultiPoint"",""coordinates"":[]}"
2_90_0,0.452,0.3463,0.2167,0.2453,0.2775,0.3852,0,"{""type"":""MultiPoint"",""coordinates"":[]}"
2_91_0,0.2267,0.2254,0.2356,0.239,0.235,0.1995,0,"{""type"":""MultiPoint"",""coordinates"":[]}"
2_92_0,0.1961,0.18345,0.1919,0.20045,0.19545,0.15945,0,"{""type"":""MultiPoint"",""coordinates"":[]}"
2_93_0,0.3904,0.31835,0.2326,0.253,0.2518,0.36635,0,"{""type"":""MultiPoint"",""coordinates"":[]}"
2_94_0,0.6095,0.50775,0.66435,0.6318,0.58595,0.7268,0,"{""type"":""MultiPoint"",""coordinates"":[]}"
2_95_0,0.25465,0.20885,0.2184,0.3,0.3375,0.3661,0,"{""type"":""MultiPoint"",""coordinates"":[]}"
2_96_0,0.56005,0.50045,0.5671,0.5454,0.5204,0.6009,0,"{""type"":""MultiPoint"",""coordinates"":[]}"
2_97_0,0.4257,0.3523,0.3618,0.3662,0.368,0.4636,0,"{""type"":""MultiPoint"",""coordinates"":[]}"
2_98_0,0.38835,0.3358,0.1808,0.2145,0.2348,0.3466,0,"{""type"":""MultiPoint"",""coordinates"":[]}"
2_99_0,0.3867,0.3672,0.23185,0.2677,0.2897,0.36795,0,"{""type"":""MultiPoint"",""coordinates"":[]}"
2_100_0,0.5967,0.5179,0.5798,0.564,0.53345,0.67995,0,"{""type"":""MultiPoint"",""coordinates"":[]}"
2_101_0,0.4562,0.4189,0.1803,0.2048,0.256,0.3324,0,"{""type"":""MultiPoint"",""coordinates"":[]}"
2_102_0,0.3878,0.3175,0.2616,0.2922,0.3072,0.4396,0,"{""type"":""MultiPoint"",""coordinates"":[]}"
2_103_0,0.4098,0.3625,0.2654,0.2737,0.2801,0.3887,0,"{""type"":""MultiPoint"",""coordinates"":[]}"
2_104_0,0.41005,0.35405,0.2213,0.2608,0.2902,0.40575,0,"{""type"":""MultiPoint"",""coordinates"":[]}"
2_105_0,0.1723,0.16715,0.17865,0.1829,0.1718,0.13185,0,"{""type"":""MultiPoint"",""coordinates"":[]}"
2_106_0,0.227,0.2244,0.2388,0.2452,0.2394,0.1985,0,"{""type"":""MultiPoint"",""coordinates"":[]}"
2_107_0,0.4134,0.3545,0.17345,0.2045,0.2601,0.32345,0,"{""type"":""MultiPoint"",""coordinates"":[]}"
2_108_0,0.6344,0.5459,0.4884,0.522,0.5372,0.6204,0,"{""type"":""MultiPoint"",""coordinates"":[]}"
2_109_0,0.2185,0.2169,0.2202,0.2354,0.2256,0.1916,0,"{""type"":""MultiPoint"",""coordinates"":[]}"
2_110_0,0.4303,0.3627,0.3836,0.3702,0.3432,0.5056,0,"{""type"":""MultiPoint"",""coordinates"":[]}"
2_111_0,0.5793,0.49765,0.5582,0.5403,0.5289,0.6229,0,"{""type"":""MultiPoint"",""coordinates"":[]}"
2_112_0,0.5702,0.5358,0.223,0.2606,0.3098,0.4363,0,"{""type"":""MultiPoint"",""coordinates"":[]}"
2_113_0,0.2117,0.2049,0.2298,0.2264,0.2206,0.2076,0,"{""type"":""MultiPoint"",""coordinates"":[]}"
2_114_0,0.4574,0.4104,0.1852,0.2172,0.2568,0.3744,0,"{""type"":""MultiPoint"",""coordinates"":[]}"
2_115_0,0.6214,0.5387,0.5288,0.4964,0.4696,0.6068,0,"{""type"":""MultiPoint"",""coordinates"":[]}"
2_116_0,0.1704,0.1404,0.1438,0.1478,0.1394,0.1938,0,"{""type"":""MultiPoint"",""coordinates"":[]}"
2_117_0,0.50795,0.4331,0.2444,0.2762,0.3102,0.3958,0,"{""type"":""MultiPoint"",""coordinates"":[]}"
2_118_0,0.74185,0.68795,0.7106,0.6928,0.6862,0.756,0,"{""type"":""MultiPoint"",""coordinates"":[]}"
2_119_0,0.39075,0.3213,0.20135,0.2354,0.2529,0.3577,0,"{""type"":""MultiPoint"",""coordinates"":[]}"
2_120_0,0.4445,0.4174,0.4078,0.4084,0.3894,0.524,0,"{""type"":""MultiPoint"",""coordinates"":[]}"
2_121_0,0.5652,0.4613,0.6124,0.578,0.554,0.6492,0,"{""type"":""MultiPoint"",""coordinates"":[]}"
2_122_0,0.5622,0.49635,0.37825,0.3925,0.389,0.5374,0,"{""type"":""MultiPoint"",""coordinates"":[]}"
2_123_0,0.4369,0.3472,0.4052,0.3922,0.371,0.5188,0,"{""type"":""MultiPoint"",""coordinates"":[]}"
2_124_0,0.5492,0.4464,0.6813,0.62115,0.5813,0.7062,0,"{""type"":""MultiPoint"",""coordinates"":[]}"
2_125_0,0.5658,0.4769,0.6712,0.5764,0.508,0.6768,0,"{""type"":""MultiPoint"",""coordinates"":[]}"
2_126_0,0.4279,0.3661,0.1843,0.2214,0.273,0.3602,0,"{""type"":""MultiPoint"",""coordinates"":[]}"
2_127_0,0.4557,0.4207,0.402,0.39,0.369,0.5296,0,"{""type"":""MultiPoint"",""coordinates"":[]}"
2_128_0,0.5461,0.4798,0.49885,0.50175,0.4721,0.62115,0,"{""type"":""MultiPoint"",""coordinates"":[]}"
2_129_0,0.52245,0.42665,0.663,0.6044,0.5508,0.6908,0,"{""type"":""MultiPoint"",""coordinates"":[]}"
2_130_0,0.2516,0.2397,0.1914,0.2214,0.2462,0.245,0,"{""type"":""MultiPoint"",""coordinates"":[]}"
2_131_0,0.56055,0.4499,0.6675,0.643,0.60415,0.7504,0,"{""type"":""MultiPoint"",""coordinates"":[]}"
2_132_0,0.4078,0.3538,0.1984,0.239,0.2686,0.3556,0,"{""type"":""MultiPoint"",""coordinates"":[]}"
2_133_0,0.44925,0.37745,0.2016,0.2591,0.3236,0.42755,0,"{""type"":""MultiPoint"",""coordinates"":[]}"
2_134_0,0.489,0.425,0.4912,0.4744,0.45,0.5664,0,"{""type"":""MultiPoint"",""coordinates"":[]}"
2_135_0,0.3244,0.2919,0.1512,0.1778,0.1864,0.2784,0,"{""type"":""MultiPoint"",""coordinates"":[]}"
2_136_0,0.38975,0.3457,0.1808,0.19125,0.2112,0.3023,0,"{""type"":""MultiPoint"",""coordinates"":[]}"
2_137_0,0.46645,0.41805,0.2431,0.2714,0.3017,0.3875,0,"{""type"":""MultiPoint"",""coordinates"":[]}"
2_138_0,0.23475,0.19725,0.1712,0.1866,0.1806,0.2516,0,"{""type"":""MultiPoint"",""coordinates"":[]}"
2_139_0,0.4168,0.3993,0.1766,0.1933,0.213,0.303,0,"{""type"":""MultiPoint"",""coordinates"":[]}"
2_140_0,0.4333,0.3715,0.3984,0.394,0.3822,0.4956,0,"{""type"":""MultiPoint"",""coordinates"":[]}"
2_141_0,0.4229,0.3249,0.462,0.444,0.401,0.556,0,"{""type"":""MultiPoint"",""coordinates"":[]}"
2_142_0,0.5788,0.4624,0.5184,0.51,0.492,0.64,0,"{""type"":""MultiPoint"",""coordinates"":[]}"
2_143_0,0.41045,0.3734,0.20955,0.2454,0.2692,0.34985,0,"{""type"":""MultiPoint"",""coordinates"":[]}"
2_144_0,0.5278,0.4251,0.5984,0.5624,0.5116,0.6088,0,"{""type"":""MultiPoint"",""coordinates"":[]}"
2_145_0,0.13945,0.13155,0.1325,0.1398,0.13175,0.11175,0,"{""type"":""MultiPoint"",""coordinates"":[]}"
2_146_0,0.4418,0.37825,0.2585,0.2911,0.3195,0.4053,0,"{""type"":""MultiPoint"",""coordinates"":[]}"
2_147_0,0.55225,0.47725,0.1558,0.1733,0.2743,0.3498,0,"{""type"":""MultiPoint"",""coordinates"":[]}"
2_148_0,0.4415,0.375,0.2152,0.2598,0.2948,0.4356,0,"{""type"":""MultiPoint"",""coordinates"":[]}"
2_149_0,0.3067,0.2715,0.15515,0.1784,0.2018,0.2922,0,"{""type"":""MultiPoint"",""coordinates"":[]}"
2_150_0,0.5444,0.451,0.73915,0.6761,0.6262,0.71585,0,"{""type"":""MultiPoint"",""coordinates"":[]}"
2_151_0,0.46965,0.42375,0.2094,0.2319,0.2515,0.369,0,"{""type"":""MultiPoint"",""coordinates"":[]}"
2_152_0,0.1715,0.16315,0.1749,0.18335,0.17405,0.15555,0,"{""type"":""MultiPoint"",""coordinates"":[]}"
2_153_0,0.4676,0.37575,0.49495,0.4652,0.4237,0.61595,0,"{""type"":""MultiPoint"",""coordinates"":[]}"
2_154_0,0.40975,0.3336,0.1906,0.2176,0.2415,0.34485,0,"{""type"":""MultiPoint"",""coordinates"":[]}"
2_155_0,0.5704,0.4698,0.4656,0.4964,0.4716,0.6208,0,"{""type"":""MultiPoint"",""coordinates"":[]}"
2_156_0,0.4991,0.4979,0.2242,0.2552,0.3148,0.3736,0,"{""type"":""MultiPoint"",""coordinates"":[]}"
2_157_0,0.215,0.2109,0.1962,0.2136,0.2122,0.2078,0,"{""type"":""MultiPoint"",""coordinates"":[]}"
2_158_0,0.4071,0.367,0.3352,0.343,0.3216,0.472,0,"{""type"":""MultiPoint"",""coordinates"":[]}"
2_159_0,0.3994,0.35145,0.2142,0.2398,0.2821,0.33495,0,"{""type"":""MultiPoint"",""coordinates"":[]}"
2_160_0,0.2617,0.2472,0.2704,0.3082,0.2974,0.2572,0,"{""type"":""MultiPoint"",""coordinates"":[]}"
2_161_0,0.44,0.3526,0.4732,0.4296,0.3858,0.5396,0,"{""type"":""MultiPoint"",""coordinates"":[]}"
2_162_0,0.2043,0.2038,0.2324,0.2498,0.2232,0.1822,0,"{""type"":""MultiPoint"",""coordinates"":[]}"
2_163_0,0.26,0.2055,0.1888,0.1878,0.1934,0.2514,0,"{""type"":""MultiPoint"",""coordinates"":[]}"
2_164_0,0.17215,0.1636,0.17525,0.18165,0.17575,0.15185,0,"{""type"":""MultiPoint"",""coordinates"":[]}"
2_165_0,0.5344,0.4705,0.5276,0.5092,0.4896,0.5892,0,"{""type"":""MultiPoint"",""coordinates"":[]}"
2_166_0,0.5054,0.4191,0.315,0.3764,0.402,0.5464,0,"{""type"":""MultiPoint"",""coordinates"":[]}"
2_167_0,0.5502,0.4962,0.5256,0.5104,0.486,0.6068,0,"{""type"":""MultiPoint"",""coordinates"":[]}"
2_168_0,0.5976,0.5316,0.7108,0.6768,0.644,0.7032,0,"{""type"":""MultiPoint"",""coordinates"":[]}"
2_169_0,0.5351,0.4742,0.2186,0.2504,0.277,0.4044,0,"{""type"":""MultiPoint"",""coordinates"":[]}"
2_170_0,0.4479,0.3602,0.2126,0.2472,0.2694,0.3996,0,"{""type"":""MultiPoint"",""coordinates"":[]}"
2_171_0,0.4427,0.42515,0.2109,0.2458,0.3013,0.3382,0,"{""type"":""MultiPoint"",""coordinates"":[]}"
2_172_0,0.1825,0.1751,0.1937,0.2062,0.1944,0.1756,0,"{""type"":""MultiPoint"",""coordinates"":[]}"
2_173_0,0.59255,0.4938,0.5861,0.5819,0.5605,0.718,0,"{""type"":""MultiPoint"",""coordinates"":[]}"
2_174_0,0.4058,0.3382,0.1793,0.2251,0.2709,0.34435,0,"{""type"":""MultiPoint"",""coordinates"":[]}"
2_175_0,0.4574,0.3937,0.343,0.3564,0.3552,0.5156,0,"{""type"":""MultiPoint"",""coordinates"":[]}"
2_176_0,0.41135,0.3327,0.2205,0.248,0.2612,0.37285,0,"{""type"":""MultiPoint"",""coordinates"":[]}"
2_177_0,0.5052,0.4351,0.5004,0.4916,0.4712,0.5832,0,"{""type"":""MultiPoint"",""coordinates"":[]}"
2_178_0,0.42195,0.38835,0.2246,0.2534,0.3247,0.35045,0,"{""type"":""MultiPoint"",""coordinates"":[]}"
2_179_0,0.4227,0.3967,0.223,0.2622,0.2836,0.3708,0,"{""type"":""MultiPoint"",""coordinates"":[]}"
2_180_0,0.4178,0.34985,0.1689,0.2178,0.2781,0.39595,0,"{""type"":""MultiPoint"",""coordinates"":[]}"
2_181_0,0.57635,0.486,0.4569,0.4674,0.45345,0.609,0,"{""type"":""MultiPoint"",""coordinates"":[]}"
2_182_0,0.4124,0.3606,0.1646,0.1954,0.2318,0.341,0,"{""type"":""MultiPoint"",""coordinates"":[]}"
2_183_0,0.4116,0.3956,0.2142,0.2432,0.2776,0.3118,0,"{""type"":""MultiPoint"",""coordinates"":[]}"
2_184_0,0.5185,0.41105,0.32155,0.3419,0.3687,0.5049,0,"{""type"":""MultiPoint"",""coordinates"":[]}"
2_185_0,0.5523,0.4044,0.5248,0.5,0.4716,0.658,0,"{""type"":""MultiPoint"",""coordinates"":[]}"
2_186_0,0.2099,0.2074,0.238,0.2358,0.2208,0.169,0,"{""type"":""MultiPoint"",""coordinates"":[]}"
2_187_0,0.4832,0.4074,0.4544,0.4432,0.4332,0.5372,0,"{""type"":""MultiPoint"",""coordinates"":[]}"
2_188_0,0.5336,0.5046,0.2226,0.2534,0.3004,0.4042,0,"{""type"":""MultiPoint"",""coordinates"":[]}"
2_189_0,0.4614,0.414,0.16855,0.20175,0.2357,0.3461,0,"{""type"":""MultiPoint"",""coordinates"":[]}"
2_190_0,0.2159,0.2115,0.2078,0.22,0.212,0.2028,0,"{""type"":""MultiPoint"",""coordinates"":[]}"
2_191_0,0.51735,0.4383,0.4713,0.4653,0.43275,0.611,0,"{""type"":""MultiPoint"",""coordinates"":[]}"
2_192_0,0.695,0.6131,0.8656,0.7724,0.6976,0.7724,0,"{""type"":""MultiPoint"",""coordinates"":[]}"
2_193_0,0.2103,0.19995,0.21355,0.2201,0.215,0.1993,0,"{""type"":""MultiPoint"",""coordinates"":[]}"
2_194_0,0.48295,0.42545,0.41395,0.41235,0.3852,0.5334,0,"{""type"":""MultiPoint"",""coordinates"":[]}"
2_195_0,0.4918,0.45465,0.2045,0.2342,0.2646,0.374,0,"{""type"":""MultiPoint"",""coordinates"":[]}"
2_196_0,0.3859,0.33415,0.18865,0.2153,0.2408,0.3312,0,"{""type"":""MultiPoint"",""coordinates"":[]}"
2_197_0,0.37765,0.3441,0.1985,0.2265,0.2419,0.298,0,"{""type"":""MultiPoint"",""coordinates"":[]}"
2_198_0,0.5657,0.4928,0.3376,0.4148,0.454,0.5076,0,"{""type"":""MultiPoint"",""coordinates"":[]}"
2_199_0,0.5176,0.4563,0.4944,0.494,0.4708,0.5936,0,"{""type"":""MultiPoint"",""coordinates"":[]}"
2_200_0,0.4225,0.3328,0.2084,0.2526,0.278,0.36615,0,"{""type"":""MultiPoint"",""coordinates"":[]}"
2_201_0,0.4795,0.4603,0.2026,0.2434,0.3146,0.369,0,"{""type"":""MultiPoint"",""coordinates"":[]}"
2_202_0,0.4633,0.4067,0.1788,0.2118,0.2532,0.372,0,"{""type"":""MultiPoint"",""coordinates"":[]}"
2_203_0,0.4044,0.34505,0.1892,0.2186,0.2539,0.3581,0,"{""type"":""MultiPoint"",""coordinates"":[]}"
2_204_0,0.5036,0.4088,0.1835,0.2346,0.3244,0.3862,0,"{""type"":""MultiPoint"",""coordinates"":[]}"
2_205_0,0.41865,0.37055,0.1955,0.2179,0.2679,0.32505,0,"{""type"":""MultiPoint"",""coordinates"":[]}"
2_206_0,0.2164,0.2144,0.1936,0.2136,0.2132,0.19,0,"{""type"":""MultiPoint"",""coordinates"":[]}"
2_207_0,0.4257,0.3627,0.2507,0.2895,0.292,0.4058,0,"{""type"":""MultiPoint"",""coordinates"":[]}"
2_208_0,0.3716,0.3318,0.312,0.2936,0.3022,0.4104,0,"{""type"":""MultiPoint"",""coordinates"":[]}"
2_209_0,0.4346,0.4194,0.2509,0.286,0.3118,0.34055,0,"{""type"":""MultiPoint"",""coordinates"":[]}"
2_210_0,0.1206,0.1194,0.1304,0.1372,0.1219,0.1218,0,"{""type"":""MultiPoint"",""coordinates"":[]}"
2_211_0,0.4022,0.3452,0.216,0.2476,0.281,0.345,0,"{""type"":""MultiPoint"",""coordinates"":[]}"
2_212_0,0.59035,0.52725,0.633,0.5961,0.5626,0.65755,0,"{""type"":""MultiPoint"",""coordinates"":[]}"
2_213_0,0.1398,0.1313,0.1484,0.16385,0.15395,0.1217,0,"{""type"":""MultiPoint"",""coordinates"":[]}"
2_214_0,0.4801,0.4135,0.4448,0.428,0.398,0.5732,0,"{""type"":""MultiPoint"",""coordinates"":[]}"
2_215_0,0.5046,0.4788,0.1938,0.2294,0.29,0.3652,0,"{""type"":""MultiPoint"",""coordinates"":[]}"
2_216_0,0.57155,0.48235,0.4788,0.4724,0.4559,0.6156,0,"{""type"":""MultiPoint"",""coordinates"":[]}"
2_217_0,0.8078,0.7235,0.7524,0.7432,0.762,0.8128,0,"{""type"":""MultiPoint"",""coordinates"":[]}"
2_218_0,0.5157,0.4537,0.5904,0.548,0.5212,0.6072,0,"{""type"":""MultiPoint"",""coordinates"":[]}"
2_219_0,0.40765,0.3461,0.1898,0.2335,0.2712,0.3596,0,"{""type"":""MultiPoint"",""coordinates"":[]}"
2_220_0,0.4652,0.3885,0.3162,0.3271,0.3259,0.46845,0,"{""type"":""MultiPoint"",""coordinates"":[]}"
2_221_0,0.4007,0.3168,0.265,0.2711,0.29,0.3927,0,"{""type"":""MultiPoint"",""coordinates"":[]}"
2_222_0,0.6099,0.4811,0.4924,0.4904,0.4732,0.6596,0,"{""type"":""MultiPoint"",""coordinates"":[]}"
2_223_0,0.50315,0.4377,0.4781,0.4648,0.4436,0.5872,0,"{""type"":""MultiPoint"",""coordinates"":[]}"
2_224_0,0.4627,0.4223,0.205,0.2548,0.2992,0.4124,0,"{""type"":""MultiPoint"",""coordinates"":[]}"
2_225_0,0.59875,0.5553,0.469,0.4772,0.4842,0.609,0,"{""type"":""MultiPoint"",""coordinates"":[]}"
2_226_0,0.2762,0.2319,0.20105,0.2508,0.2633,0.3212,0,"{""type"":""MultiPoint"",""coordinates"":[]}"
2_227_0,0.415,0.3307,0.1655,0.2046,0.2556,0.3636,0,"{""type"":""MultiPoint"",""coordinates"":[]}"
2_228_0,0.512,0.4345,0.3844,0.3976,0.4104,0.5444,0,"{""type"":""MultiPoint"",""coordinates"":[]}"
2_229_0,0.373,0.3044,0.1678,0.1969,0.221,0.3294,0,"{""type"":""MultiPoint"",""coordinates"":[]}"
2_230_0,0.2134,0.2103,0.2438,0.2466,0.2224,0.2086,0,"{""type"":""MultiPoint"",""coordinates"":[]}"
2_231_0,0.564,0.4888,0.4376,0.4428,0.44,0.5828,0,"{""type"":""MultiPoint"",""coordinates"":[]}"
2_232_0,0.39535,0.3526,0.2231,0.2504,0.2749,0.3391,0,"{""type"":""MultiPoint"",""coordinates"":[]}"
2_233_0,0.62125,0.5297,0.7295,0.6901,0.6624,0.7174,0,"{""type"":""MultiPoint"",""coordinates"":[]}"
2_234_0,0.45865,0.38305,0.1886,0.2255,0.2587,0.3856,0,"{""type"":""MultiPoint"",""coordinates"":[]}"
2_235_0,0.58135,0.47705,0.6652,0.6327,0.58405,0.7364,0,"{""type"":""MultiPoint"",""coordinates"":[]}"
2_236_0,0.3718,0.277,0.1638,0.2133,0.2493,0.3629,0,"{""type"":""MultiPoint"",""coordinates"":[]}"
2_237_0,0.5225,0.4298,0.2152,0.2434,0.2792,0.3792,0,"{""type"":""MultiPoint"",""coordinates"":[]}"
2_238_0,0.5153,0.4432,0.5328,0.502,0.4892,0.582,0,"{""type"":""MultiPoint"",""coordinates"":[]}"
2_239_0,0.2194,0.2141,0.206,0.216,0.2144,0.201,0,"{""type"":""MultiPoint"",""coordinates"":[]}"
2_240_0,0.3906,0.34,0.2135,0.2484,0.275,0.37715,0,"{""type"":""MultiPoint"",""coordinates"":[]}"
2_241_0,0.44125,0.4064,0.2051,0.21985,0.2673,0.3416,0,"{""type"":""MultiPoint"",""coordinates"":[]}"
2_242_0,0.5361,0.4413,0.4253,0.4142,0.3923,0.52265,0,"{""type"":""MultiPoint"",""coordinates"":[]}"
2_243_0,0.508,0.4126,0.1736,0.2098,0.2532,0.3766,0,"{""type"":""MultiPoint"",""coordinates"":[]}"
2_244_0,0.38755,0.35465,0.20775,0.2413,0.258,0.3456,0,"{""type"":""MultiPoint"",""coordinates"":[]}"
2_245_0,0.3726,0.3084,0.2002,0.226,0.2562,0.3732,0,"{""type"":""MultiPoint"",""coordinates"":[]}"
2_246_0,0.4955,0.4528,0.2028,0.258,0.2906,0.4192,0,"{""type"":""MultiPoint"",""coordinates"":[]}"
2_247_0,0.23,0.2216,0.2534,0.2554,0.2322,0.2224,0,"{""type"":""MultiPoint"",""coordinates"":[]}"
2_248_0,0.3161,0.2507,0.1994,0.2386,0.235,0.3274,0,"{""type"":""MultiPoint"",""coordinates"":[]}"
2_249_0,0.38245,0.25395,0.2294,0.3122,0.3548,0.48725,0,"{""type"":""MultiPoint"",""coordinates"":[]}"
2_250_0,0.461,0.43475,0.2655,0.2868,0.3154,0.377,0,"{""type"":""MultiPoint"",""coordinates"":[]}"
2_251_0,0.3606,0.3611,0.2324,0.2628,0.2828,0.28415,0,"{""type"":""MultiPoint"",""coordinates"":[]}"
2_252_0,0.12845,0.12805,0.13545,0.14145,0.1286,0.12015,0,"{""type"":""MultiPoint"",""coordinates"":[]}"
2_253_0,0.5321,0.4909,0.5448,0.53,0.504,0.5924,0,"{""type"":""MultiPoint"",""coordinates"":[]}"
2_254_0,0.469,0.4378,0.4588,0.452,0.4363,0.5286,0,"{""type"":""MultiPoint"",""coordinates"":[]}"
2_255_0,0.2403,0.2349,0.2576,0.2672,0.252,0.2284,0,"{""type"":""MultiPoint"",""coordinates"":[]}"
2_256_0,0.43955,0.38685,0.2161,0.261,0.3037,0.37215,0,"{""type"":""MultiPoint"",""coordinates"":[]}"
2_257_0,0.4376,0.3487,0.3752,0.3513,0.3234,0.4846,0,"{""type"":""MultiPoint"",""coordinates"":[]}"
2_258_0,0.2154,0.2116,0.1982,0.2128,0.215,0.1918,0,"{""type"":""MultiPoint"",""coordinates"":[]}"
2_259_0,0.39365,0.3567,0.31545,0.3211,0.3082,0.4155,0,"{""type"":""MultiPoint"",""coordinates"":[]}"
2_260_0,0.5542,0.4665,0.5472,0.5388,0.484,0.6288,0,"{""type"":""MultiPoint"",""coordinates"":[]}"
2_261_0,0.3828,0.30195,0.26825,0.28035,0.2799,0.4047,0,"{""type"":""MultiPoint"",""coordinates"":[]}"
2_262_0,0.2184,0.2166,0.2064,0.2198,0.2164,0.203,0,"{""type"":""MultiPoint"",""coordinates"":[]}"
2_263_0,0.424,0.3594,0.369,0.3644,0.3396,0.4896,0,"{""type"":""MultiPoint"",""coordinates"":[]}"
2_264_0,0.44505,0.38905,0.18655,0.2265,0.2582,0.35165,0,"{""type"":""MultiPoint"",""coordinates"":[]}"
2_265_0,0.4107,0.383,0.1832,0.2052,0.2722,0.3126,0,"{""type"":""MultiPoint"",""coordinates"":[]}"
2_266_0,0.46675,0.407,0.20775,0.2377,0.277,0.3852,0,"{""type"":""MultiPoint"",""coordinates"":[]}"
2_267_0,0.5228,0.43905,0.4782,0.4756,0.4404,0.5982,0,"{""type"":""MultiPoint"",""coordinates"":[]}"
2_268_0,0.37905,0.34225,0.2052,0.2282,0.275,0.3523,0,"{""type"":""MultiPoint"",""coordinates"":[]}"
2_269_0,0.4782,0.4441,0.4784,0.4868,0.4672,0.5716,0,"{""type"":""MultiPoint"",""coordinates"":[]}"
2_270_0,0.523,0.4971,0.2021,0.2246,0.2656,0.374,0,"{""type"":""MultiPoint"",""coordinates"":[]}"
2_271_0,0.5346,0.4588,0.5695,0.54495,0.5051,0.63565,0,"{""type"":""MultiPoint"",""coordinates"":[]}"
2_272_0,0.4397,0.3949,0.2006,0.2428,0.3006,0.3502,0,"{""type"":""MultiPoint"",""coordinates"":[]}"
2_273_0,0.2183,0.2152,0.2286,0.2324,0.228,0.2096,0,"{""type"":""MultiPoint"",""coordinates"":[]}"
2_274_0,0.3891,0.3337,0.1777,0.1982,0.2439,0.32425,0,"{""type"":""MultiPoint"",""coordinates"":[]}"
2_275_0,0.6266,0.54045,0.72345,0.68945,0.66355,0.74295,0,"{""type"":""MultiPoint"",""coordinates"":[]}"
2_276_0,0.3532,0.2235,0.3326,0.2988,0.3148,0.3954,0,"{""type"":""MultiPoint"",""coordinates"":[]}"
2_277_0,0.4533,0.447,0.2108,0.2562,0.2886,0.359,0,"{""type"":""MultiPoint"",""coordinates"":[]}"
2_278_0,0.5751,0.501,0.514,0.508,0.4972,0.646,0,"{""type"":""MultiPoint"",""coordinates"":[]}"
2_279_0,0.58815,0.4851,0.80265,0.7642,0.6998,0.77135,0,"{""type"":""MultiPoint"",""coordinates"":[]}"
2_280_0,0.5891,0.4597,0.794,0.7552,0.6997,0.8144,0,"{""type"":""MultiPoint"",""coordinates"":[]}"
2_281_0,0.2458,0.2307,0.2558,0.2758,0.2564,0.2222,0,"{""type"":""MultiPoint"",""coordinates"":[]}"
2_282_0,0.3669,0.3236,0.2792,0.3042,0.301,0.306,0,"{""type"":""MultiPoint"",""coordinates"":[]}"
2_283_0,0.40145,0.34135,0.3091,0.3086,0.3033,0.3846,0,"{""type"":""MultiPoint"",""coordinates"":[]}"
2_284_0,0.5016,0.4395,0.2752,0.2973,0.3109,0.4476,0,"{""type"":""MultiPoint"",""coordinates"":[]}"
2_285_0,0.5887,0.53105,0.5216,0.50695,0.4911,0.5888,0,"{""type"":""MultiPoint"",""coordinates"":[]}"
2_286_0,0.46495,0.4016,0.2663,0.3077,0.3204,0.47935,0,"{""type"":""MultiPoint"",""coordinates"":[]}"
2_287_0,0.54325,0.4795,0.48255,0.47285,0.4399,0.649,0,"{""type"":""MultiPoint"",""coordinates"":[]}"
2_288_0,0.51295,0.40965,0.47115,0.46465,0.43475,0.6476,0,"{""type"":""MultiPoint"",""coordinates"":[]}"
2_289_0,0.4814,0.4285,0.4196,0.422,0.412,0.5616,0,"{""type"":""MultiPoint"",""coordinates"":[]}"
2_290_0,0.4182,0.392,0.2036,0.2376,0.2864,0.3612,0,"{""type"":""MultiPoint"",""coordinates"":[]}"
2_291_0,0.40665,0.3623,0.19825,0.2397,0.2642,0.36265,0,"{""type"":""MultiPoint"",""coordinates"":[]}"
2_292_0,0.5266,0.46635,0.33805,0.3442,0.346,0.4672,0,"{""type"":""MultiPoint"",""coordinates"":[]}"
2_293_0,0.4403,0.3415,0.2548,0.2866,0.3026,0.4484,0,"{""type"":""MultiPoint"",""coordinates"":[]}"
2_294_0,0.5184,0.4268,0.4976,0.5008,0.4788,0.5776,0,"{""type"":""MultiPoint"",""coordinates"":[]}"
2_295_0,0.4133,0.36625,0.18935,0.2172,0.2566,0.3341,0,"{""type"":""MultiPoint"",""coordinates"":[]}"
2_296_0,0.4215,0.3523,0.1761,0.21,0.2426,0.3586,0,"{""type"":""MultiPoint"",""coordinates"":[]}"
2_297_0,0.3998,0.3411,0.2554,0.2748,0.2836,0.3996,0,"{""type"":""MultiPoint"",""coordinates"":[]}"
2_298_0,0.41235,0.346,0.2298,0.26745,0.2736,0.371,0,"{""type"":""MultiPoint"",""coordinates"":[]}"
2_299_0,0.512,0.42335,0.3618,0.37,0.372,0.5092,0,"{""type"":""MultiPoint"",""coordinates"":[]}"
